Search,Cost,Clicks,Impressions,Conversions
harvey ai,₹0.00,0,18,0.00
legal ai,₹45.05,1,14,0.00
harvey ai legal,₹44.63,1,6,0.00
ai tools for legal drafting,₹0.00,0,4,0.00
contract analyzer,₹0.00,0,4,0.00
ai for lawyers,₹45.27,1,3,0.00
ai legal drafting,₹0.00,0,3,0.00
law ai,₹89.80,2,3,0.00
law insider ai,₹0.00,0,3,0.00
legal drafting ai,₹0.00,0,3,0.00
vakilsearch ai,₹0.00,0,3,0.00
ai advocate,₹0.00,0,2,0.00
ai drafting tools for lawyers,₹44.35,1,2,0.00
ai in legal profession,₹0.00,0,2,0.00
ai legal document generator,₹44.80,1,2,0.00
ai legal research,₹0.00,0,2,0.00
ai tools for legal professionals,₹0.00,0,2,0.00
ai vakil,₹0.00,0,2,0.00
best ai for lawyers in india,₹0.00,0,2,0.00
best legal ai tools in india,₹0.00,0,2,0.00
casemine ai,₹0.00,0,2,0.00
casetext app,₹45.53,1,2,0.00
law attorney ai,₹0.00,0,2,0.00
law central ai,₹0.00,0,2,0.00
legal advice ai,₹0.00,0,2,0.00
legal advice online ai,₹0.00,0,2,0.00
legal ai tools,₹44.32,1,2,0.00
legal sifter ai,₹43.93,1,2,0.00
advocate ai,₹0.00,0,1,0.00
advocate ai prompt,₹0.00,0,1,0.00
advocate case management software,₹0.00,0,1,0.00
advocate drafting ai,₹0.00,0,1,0.00
advocategpt,₹0.00,0,1,0.00
agentic ai legal,₹0.00,0,1,0.00
agreement generator ai,₹0.00,0,1,0.00
ai app for law,₹0.00,0,1,0.00
ai for advocates,₹0.00,0,1,0.00
ai for drafting legal notice,₹45.08,1,1,0.00
ai for law,₹0.00,0,1,0.00
ai for legal drafting in india,₹0.00,0,1,0.00
ai for legal professionals,₹0.00,0,1,0.00
ai harvey law,₹0.00,0,1,0.00
ai in law,₹0.00,0,1,0.00
ai in legal practice,₹0.00,0,1,0.00
ai in legal tech,₹0.00,0,1,0.00
ai law,₹0.00,0,1,0.00
ai law agent,₹0.00,0,1,0.00
ai legal,₹0.00,0,1,0.00
ai legal assistant,₹0.00,0,1,0.00
ai legal assistant india,₹0.00,0,1,0.00
ai software for lawyers,₹0.00,0,1,0.00
ai tool for lawyers,₹0.00,0,1,0.00
ai tools for drafting legal documents,₹0.00,0,1,0.00
ai tools for lawyers,₹0.00,0,1,0.00
ai tools for legal drafting in india,₹0.00,0,1,0.00
aline ai,₹0.00,0,1,0.00
attorney ai,₹0.00,0,1,0.00
best ai for drafting legal documents,₹0.00,0,1,0.00
best ai for legal drafting,₹43.86,1,1,0.00
best ai for legal research and drafting,₹0.00,0,1,0.00
best ai software for lawyers,₹0.00,0,1,0.00
best ai to review legal documents,₹0.00,0,1,0.00
best ai tool for advocates in india,₹0.00,0,1,0.00
best ai tool for drafting legal documents,₹0.00,0,1,0.00
best ai tool for legal drafting,₹0.00,0,1,0.00
best ai tools for drafting legal documents,₹0.00,0,1,0.00
best ai tools for legal drafting,₹0.00,0,1,0.00
best legal research ai tools,₹0.00,0,1,0.00
case law ai,₹0.00,0,1,0.00
clio software,₹0.00,0,1,0.00
cloud legal ai,₹0.00,0,1,0.00
co counsel ai,₹0.00,0,1,0.00
document automation software for lawyers,₹0.00,0,1,0.00
file persuit com,₹0.00,0,1,0.00
harvey ai lawyer,₹0.00,0,1,0.00
indian kanoon ai,₹0.00,0,1,0.00
indian legal ai tools,₹0.00,0,1,0.00
jurist bot,₹0.00,0,1,0.00
law bot pro,₹0.00,0,1,0.00
law firm management software,₹0.00,0,1,0.00
law related ai tools,₹0.00,0,1,0.00
lawcentral ai,₹0.00,0,1,0.00
lawgpt,₹0.00,0,1,0.00
legal ai in india,₹0.00,0,1,0.00
legal case management software,₹0.00,0,1,0.00
legal desk ai,₹0.00,0,1,0.00
legal documents ai,₹0.00,0,1,0.00
legal drafting ai tool,₹0.00,0,1,0.00
legal experts ai,₹0.00,0,1,0.00
legal flow,₹0.00,0,1,0.00
legal india ai,₹0.00,0,1,0.00
legal management platform,₹0.00,0,1,0.00
legal services management system,₹0.00,0,1,0.00
legix ai,₹0.00,0,1,0.00
lex ai legal,₹0.00,0,1,0.00
lexis ai,₹0.00,0,1,0.00
lexis ai protege,₹0.00,0,1,0.00
liquidtext for lawyers india,₹0.00,0,1,0.00
litera legal software,₹0.00,0,1,0.00
lucioai,₹0.00,0,1,0.00
